,favorite_count,retweet_count,tweet_id
0,34783,7289,892420643555336193
1,30144,5447,892177421306343426
2,22677,3589,891815181378084864
3,38055,7481,891689557279858688
4,36347,8035,891327558926688256
5,18326,2698,891087950875897856
6,10673,1739,890971913173991426
7,58602,16355,890729181411237888
8,25236,3740,890609185150312448
9,28778,6310,890240255349198849
10,27775,6351,890006608113172480
11,25258,4313,889880896479866881
12,43317,8644,889665388333682689
13,24363,3863,889638837579907072
14,13726,1948,889531135344209921
15,22755,4611,889278841981685760
16,26329,3876,888917238123831296
17,23102,3669,888804989199671297
18,17821,2981,888554962724278272
19,19710,3004,888078434458587136
20,27384,4679,887705289381826560
21,41897,10181,887517139158093824
22,61981,15564,887473957103951883
23,30410,9123,887343217045368832
24,27727,5164,887101392804085760
25,31366,6613,886983233522544640
26,10795,2742,886736880519319552
27,20326,3877,886680336477933568
28,19084,2730,886366144734445568
29,105,3,886267009285017600
30,25284,5471,886258384151887873
31,0,95,886054160059072513
32,29409,5815,885984800019947520
33,32501,5533,885528943205470208
34,18526,3223,885518971528720385
35,0,15984,885311592912609280
36,19768,3788,885167619883638784
37,69324,15599,884925521741709313
38,25131,4834,884876753390489601
39,21955,4060,884562892145688576
40,24533,4943,884441805382717440
41,65373,17565,884247878851493888
42,18454,2590,884162670584377345
43,19750,2966,883838122936631299
44,41409,8571,883482846933004288
45,20508,3190,883360690899218434
46,33517,5736,883117836046086144
47,21595,3348,882992080364220416
48,25517,4238,882762694511734784
49,25334,5253,882627270321602560
50,40430,10033,882268110199369728
51,26502,4217,882045870035918850
52,22052,2948,881906580714921986
53,45845,9255,881666595344535552
54,113,8,881633300179243008
55,44741,13880,881536004380872706
56,21082,4616,881268444196462592
57,15480,2424,880935762899988482
58,19267,3311,880872448815771648
59,25713,5400,880465832366813184
60,24386,3604,880221127280381952
61,25000,3772,880095782870896641
62,20274,3025,879862464715927552
63,286,9,879674319642796034
64,21294,2744,879492040517615616
65,95616,38744,879415818425184262
66,15269,2721,879376492567855104
67,0,5931,879130579576475649
68,20406,4084,879050749262655488
69,17229,2329,879008229531029506
70,17594,3570,878776093423087618
71,27188,6136,878604707211726852
72,0,1108,878404777348136964
73,0,5742,878316110768087041
74,6997,1108,878281511006478336
75,38158,5931,878057613040115712
76,71511,16423,877736472329191424
77,0,70,877611172832227328
78,20536,3291,877556246731214848
79,24884,4523,877316821321428993
80,24555,4825,877201837425926144
81,18764,2902,876838120628539392
82,21590,4106,876537666061221889
83,17035,2064,876484053909872640
84,25395,4051,876120275196170240
85,22813,3728,875747767867523072
86,19918,4271,875144289856114688
87,24933,5309,875097192612077568
88,23191,4114,875021211251597312
89,25285,4054,874680097055178752
90,0,12662,874434818259525634
91,23699,3613,874296783580663808
92,20690,3487,874057562936811520
93,31030,8905,874012996292530176
94,22051,3438,873580283840344065
95,0,1381,873337748698140672
96,6516,1381,873213775632977920
97,24783,4721,872967104147763200
98,13425,3259,872820683541237760
99,18883,3180,872620804844003328
100,37130,7981,872486979161796608
101,31174,7100,872122724285648897
102,34160,9584,871879754684805121
103,18420,3063,871762521631449091
104,18396,3043,871515927908634625
105,0,5034,871166179821445120
106,19083,4848,871102520638267392
107,20740,3344,871032628920680449
108,30667,5440,870804317367881728
109,109,3,870726314365509632
110,11201,2281,870656317836468226
111,76073,23515,870374049280663552
112,20029,3653,870308999962521604
113,33317,7316,870063196459192321
114,38977,8970,869772420881756160
115,25763,5554,869702957897576449
116,14613,2731,869596645499047938
117,18663,3322,869227993411051520
118,59709,12703,868880397819494401
119,0,1815,868639477480148993
120,24327,4661,868622495443632128
121,9234,1815,868552278524837888
122,22187,3701,867900495410671616
123,31117,6475,867774946302451713
124,14740,2198,867421006826221569
125,0,106,867072653475098625
126,29512,7000,867051520902168576
127,18334,4263,866720684873056260
128,17636,3069,866686824827068416
129,112068,31361,866450705531457537
130,47967,12662,866334964761202691
131,0,7444,866094527597207552
132,23624,5014,865718153858494464
133,24302,4448,865359393868664832
134,25781,6899,865006731092295680
135,29622,7747,864873206498414592
136,13447,2682,864279568663928832
137,27477,7868,864197398364647424
138,18985,3711,863907417377173506
139,14044,3756,863553081350529029
140,0,2158,863471782782697472
141,21911,4702,863432100342583297
142,2016,84,863427515083354112
143,8109,991,863079547188785154
144,7757,2158,863062471531167744
145,17682,4607,862831371563274240
146,15778,3193,862722525377298433
147,18807,4403,862457590147678208
148,68327,20741,862096992088072192
149,33263,9622,861383897657036800
150,15825,3713,861288531465048066
151,15435,3446,861005113778896900
152,0,1920,860981674716409858
153,0,703,860924035999428608
154,6928,1920,860563773140209665
155,21877,4768,860524505164394496
156,17070,3169,860276583193509888
157,15413,5287,860184849394610176
158,0,27808,860177593139703809
159,18181,3697,859924526012018688
160,14343,3184,859851578198683649
161,17299,1402,859607811541651456
162,83116,27243,859196978902773760
163,31331,12370,859074603037188101
164,0,7349,858860390427611136
165,14524,3139,858843525470990336
166,20076,4418,858471635011153920
167,14653,2625,858107933456039936
168,14932,2345,857989990357356544
169,31781,9681,857746408056729600
170,5477,1488,857393404942143489
171,18740,4116,857263160327368704
172,208,16,857214891891077121
173,0,154,857062103051644929
174,17565,3629,857029823797047296
175,15293,2635,856543823941562368
176,11131,1716,856526610513747968
177,0,613,856330835276025856
178,494,15,856288084350160898
179,26000,5781,856282028240666624
180,313,22,855862651834028034
181,4568,883,855860136149123072
182,11135,1933,855857698524602368
183,43066,16635,855851453814013952
184,24984,4985,855818117272018944
185,27888,7545,855459453768019968
186,0,5473,855245323840757760
187,0,39,855138241867124737
188,21313,5576,854732716440526848
189,27403,6267,854482394044301312
190,17716,4313,854365224396361728
191,30071,6860,854120357044912130
192,15291,2905,854010172552949760
193,26880,5318,853760880890318849
194,32583,9235,853639147608842240
195,14599,3282,853299958564483072
196,0,1848,852936405516943360
197,8496,1668,852912242202992640
198,14084,2005,852672615818899456
199,15371,3234,852553447878664193
200,31272,9210,852311364735569921
201,18874,6326,852226086759018497
202,10861,1473,852189679701164033
203,0,19,851861385021730816
204,15413,3244,851591660324737024
205,22975,6548,851464819735769094
206,19609,5356,851224888060895234
207,29090,8429,850753642995093505
208,12441,2424,850380195714523136
209,3282,307,850333567704068097
210,15474,3525,850145622816686080
211,19360,4547,850019790995546112
212,28825,7080,849776966551130114
213,0,4630,849668094696017920
214,15095,2941,849412302885593088
215,10855,1758,849336543269576704
216,40242,7908,849051919805034497
217,23994,4050,848690551926992896
218,23543,4327,848324959059550208
219,7773,673,848213670039564288
220,15521,2822,848212111729840128
221,0,3044,847978865427394560
222,0,413,847971574464610304
223,22400,4756,847962785489326080
224,5161,1234,847842811428974592
225,6666,388,847617282490613760
226,17897,3206,847606175596138505
227,19551,4062,847251039262605312
228,18921,5456,847157206088847362
229,20467,2987,847116187444137987
230,19172,3680,846874817362120707
231,42484,10809,846514051647705089
232,13486,2873,846505985330044928
233,30064,8488,846153765933735936
234,29651,9491,846139713627017216
235,15264,2680,846042936437604353
236,27910,8164,845812042753855489
237,24116,4531,845677943972139009
238,7298,1676,845397057150107648
239,22293,5052,845306882940190720
240,0,7193,845098359547420673
241,13058,2392,844979544864018432
242,14374,2974,844973813909606400
243,15754,2919,844580511645339650
244,13091,2063,844223788422217728
245,14561,2796,843981021012017153
246,20576,4335,843856843873095681
247,16183,2573,843604394117681152
248,20607,5637,843235543001513987
249,14670,3436,842846295480000512
250,6462,1202,842765311967449089
251,17402,3305,842535590457499648
252,23441,5474,842163532590374912
253,13425,2859,842115215311396866
254,0,14136,841833993020538882
255,24759,7409,841680585030541313
256,12103,3447,841439858740625411
257,19028,5210,841320156043304961
258,15216,4385,841314665196081154
259,21980,5034,841077006473256960
260,0,1664,840761248237133825
261,0,15143,840728873075638272
262,169,2,840698636975636481
263,11816,916,840696689258311684
264,8664,1664,840632337062862849
265,15812,4315,840370681858686976
266,18497,5428,840268004936019968
267,12919,2145,839990271299457024
268,26360,7349,839549326359670784
269,0,137,839290600511926273
270,26039,6160,839239871831150596
271,18927,3804,838952994649550848
272,10728,1938,838921590096166913
273,0,32,838916489579200512
274,0,10438,838831947270979586
275,10561,1265,838561493054533637
276,21634,4508,838476387338051585
277,0,9539,838201503651401729
278,1601,315,838150277551247360
279,134,1,838085839343206401
280,16992,2951,838083903487373313
281,32818,7444,837820167694528512
282,3733,423,837482249356513284
283,12347,2140,837471256429613056
284,15495,2248,837110210464448512
285,12312,2187,836989968035819520
286,18669,4405,836753516572119041
287,12193,2108,836677758902222849
288,0,523,836648853927522308
289,0,26123,836397794269200385
290,14290,2845,836380477523124226
291,20596,4112,836260088725786625
292,18425,4058,836001077879255040
293,0,7740,835685285446955009
294,17181,3432,835574547218894849
295,0,1606,835536468978302976
296,0,19907,835309094223372289
297,15918,2841,835297930240217089
298,7461,1606,835264098648616962
299,2031,68,835246439529840640
300,25283,5482,835172783151792128
301,21622,2857,835152434251116546
302,10422,1542,834931633769889797
303,20757,5273,834786237630337024
304,13189,2391,834574053763584002
305,0,10136,834477809192075265
306,9300,1595,834458053273591808
307,19863,4514,834209720923721728
308,15300,3498,834167344700198914
309,9701,2038,834089966724603904
310,12636,2106,834086379323871233
311,13006,2293,833863086058651648
312,17555,3592,833826103416520705
313,0,211,833732339549220864
314,20225,3099,833722901757046785
315,14406,1948,833479644947025920
316,19574,4630,833124694597443584
317,12824,2100,832998151111966721
318,0,38,832769181346996225
319,16343,3455,832757312314028032
320,11501,2781,832682457690300417
321,2831,510,832645525019123713
322,15379,2660,832636094638288896
323,11593,2113,832397543355072512
324,16616,3044,832369877331693569
325,10989,2234,832273440279240704
326,0,5948,832215909146226688
327,0,8910,832215726631055365
328,61,2,832088576586297345
329,0,9154,832040443403784192
330,17280,4456,832032802820481025
331,23210,5860,831939777352105988
332,325,34,831926988323639298
333,26658,6217,831911600680497154
334,10099,1740,831670449226514432
335,6899,1848,831650051525054464
336,8705,2238,831552930092285952
337,9003,1488,831322785565769729
338,6331,1067,831315979191906304
339,11417,2355,831309418084069378
340,11515,1962,831262627380748289
341,7730,1426,830956169170665475
342,64560,15984,830583320585068544
343,0,5427,830173239259324417
344,9443,2807,830097400375152640
345,0,4790,829878982036299777
346,11894,1854,829861396166877184
347,30755,10136,829501995190984704
348,10150,1925,829449946868879360
349,23611,7022,829141528400556032
350,51735,15687,829011960981237760
351,0,3272,828801551087042563
352,24812,5607,828770345708580865
353,35386,10730,828708714936930305
354,9231,1284,828650029636317184
355,6177,1112,828409743546925057
356,7459,1235,828408677031882754
357,12227,2137,828381636999917570
358,7174,1027,828376505180889089
359,12219,2806,828372645993398273
360,2115,170,828361771580813312
361,11394,2754,828046555563323392
362,10057,2067,828011680017821696
363,19458,5026,827933404142436356
364,15045,2903,827653905312006145
365,7263,896,827600520311402496
366,15377,2907,827324948884643840
367,10277,2128,827199976799354881
368,20927,4790,826958653328592898
369,35100,9724,826848821049180160
370,0,3821,826615380357632002
371,4984,238,826598799820865537
372,9721,2254,826598365270007810
373,17874,4030,826476773533745153
374,12893,2507,826240494070030336
375,4739,881,826204788643753985
376,15198,2981,826115272272650244
377,10188,1789,825876512159186944
378,12382,2411,825829644528148480
379,55487,16932,825535076884762624
380,17761,4354,825147591692263424
381,0,1198,825120256414846976
382,6082,1198,825026590719483904
383,0,5295,824796380199809024
384,14500,3368,824775126675836928
385,10232,1701,824663926340194305
386,11491,10207,824325613288833024
387,14639,3703,824297048279236611
388,4696,578,824025158776213504
389,10349,2618,823939628516474880
390,0,10743,823719002937630720
391,13582,2425,823699002998870016
392,12655,2522,823581115634085888
393,686,22,823333489516937216
394,15284,3857,823322678127919110
395,0,9531,823269594223824897
396,16867,3319,822975315408461824
397,127888,41490,822872901745569793
398,12864,2186,822859134160621569
399,0,6154,822647212903690241
400,14400,2829,822610361945911296
401,17644,6154,822489057087389700
402,27133,13714,822462944365645825
403,34038,9531,822244816520155136
404,0,4565,822163064745328640
405,11004,2225,821886076407029760
406,0,3236,821813639212650496
407,8172,1607,821765923262631936
408,7813,1683,821522889702862852
409,0,5348,821421320206483457
410,11415,4153,821407182352777218
411,242,9,821153421864615936
412,8370,1885,821149554670182400
413,9338,2053,821107785811234820
414,12342,2199,821044531881721856
415,0,6462,820837357901512704
416,30749,9539,820749716845686786
417,11933,3110,820690176645140481
418,0,541,820494788566847489
419,0,2472,820446719150292993
420,3262,541,820314633777061888
421,19267,6046,820078625395449857
422,0,1128,820013781606658049
423,5180,1128,819952236453363712
424,12603,4703,819924195358416896
425,13026,2995,819711362133872643
426,9412,1929,819588359383371776
427,7043,1166,819347104292290561
428,2195,395,819238181065359361
429,22449,6462,819227688460238848
430,0,35780,819015337530290176
431,0,18405,819015331746349057
432,44261,18405,819006400881917954
433,85120,35780,819004803107983360
434,0,20202,818646164899774465
435,21840,7305,818627210458333184
436,9580,2439,818614493328580609
437,0,5900,818588835076603904
438,10571,2358,818536468981415936
439,0,7770,818307523543449600
440,10715,2173,818259473185828864
441,11966,2463,818145370475810820
442,4734,763,817908911860748288
443,50195,26123,817827839487737858
444,10511,2592,817777686764523521
445,11474,2833,817536400337801217
446,0,3272,817502432452313088
447,32898,14136,817423860136083457
448,5461,919,817415592588222464
449,0,8161,817181837579653120
450,8555,1954,817171292965273600
451,11900,2507,817120970343411712
452,8383,1583,817056546584727552
453,0,4544,816829038950027264
454,9755,1958,816816676327063552
455,9536,2116,816697700272001025
456,29612,7770,816450570814898180
457,8393,1878,816336735214911488
458,8723,2061,816091915477250048
459,0,984,816062466425819140
460,0,5063,816014286006976512
461,4820,984,815990720817401858
462,21827,8161,815966073409433600
463,0,3997,815745968457060357
464,9611,2197,815736392542261248
465,8035,1595,815639385530101762
466,10118,3688,815390420867969024
467,7472,1230,814986499976527872
468,11029,2617,814638523311648768
469,0,5647,814578408554463233
470,8438,1804,814530161257443328
471,28085,8384,814153002265309185
472,0,3085,813944609378369540
473,9103,1798,813910438903693312
474,35661,13522,813812741911748608
475,8133,1706,813800681631023104
476,18205,7079,813217897535406080
477,9038,1765,813202720496779264
478,19408,4206,813187593374461952
479,9071,1869,813172488309972993
480,7587,2133,813157409116065792
481,8317,2321,813142292504645637
482,4397,431,813130366689148928
483,11555,3017,813127251579564032
484,10095,2656,813112105746448384
485,10342,3512,813096984823349248
486,9694,2700,813081950185472002
487,7764,1894,813066809284972545
488,20501,7126,813051746834595840
489,7372,1847,812781120811126785
490,6482,1398,812709060537683968
491,5927,1185,812503143955202048
492,7800,1861,812466873996607488
493,13358,3548,812372279581671427
494,7114,1361,811985624773361665
495,7384,1543,811744202451197953
496,5482,713,811647686436880384
497,12455,2968,811627233043480576
498,20472,6187,811386762094317568
499,5198,1383,810984652412424192
500,8809,1704,810896069567610880
501,10725,2548,810657578271330305
502,34414,10897,810284430598270976
503,14389,3272,810254108431155201
504,15239,3821,809920764300447744
505,0,4746,809808892968534016
506,6804,1420,809448704142938112
507,19478,5427,809220051211603969
508,12948,3421,809084759137812480
509,9909,2956,808838249661788160
510,7731,2100,808733504066486276
511,11061,2529,808501579447930884
512,41553,20202,808344865868283904
513,0,5738,808134635716833280
514,8628,2144,808106460588765185
515,12278,3441,808001312164028416
516,14291,3509,807621403335917568
517,115447,53694,807106840509214720
518,0,7121,807059379405148160
519,12867,3764,807010152071229440
520,72930,33581,806629075125202948
521,0,5360,806620845233815552
522,4793,1901,806576416489959424
523,10016,2292,806542213899489280
524,0,11277,806242860592926720
525,6333,1165,806219024703037440
526,0,5203,805958939288408065
527,8142,1873,805932879469572096
528,6443,1774,805826884734976000
529,0,7779,805823200554876929
530,5635,1612,805520635690676224
531,8630,2462,805487436403003392
532,7691,1676,805207613751304193
533,13400,3722,804738756058218496
534,6019,1958,804475857670639616
535,0,3141,804413760345620481
536,43486,15634,804026241225523202
537,9859,2662,803773340896923648
538,0,7217,803692223237865472
539,10726,4034,803638050916102144
540,7613,1828,803380650405482500
541,0,5163,803321560782307329
542,9835,2386,803276597545603072
543,8855,1942,802952499103731712
544,0,2820,802624713319034886
545,6974,1421,802600418706604034
546,8785,2447,802572683846291456
547,15864,5684,802323869084381190
548,6807,1340,802265048156610565
549,8915,2548,802239329049477120
550,0,268,802185808107208704
551,7606,1663,801958328846974976
552,1767,232,801854953262350336
553,8072,2016,801538201127157760
554,5922,799,801285448605831168
555,23935,5738,801167903437357056
556,0,3852,801127390143516673
557,7916,2041,801115127852503040
558,673,96,800859414831898624
559,0,1564,800855607700029440
560,10377,2719,800751577355128832
561,12901,2920,800513324630806528
562,9316,2122,800459316964663297
563,0,4179,800443802682937345
564,10944,2729,800388270626521089
565,0,3831,800188575492947969
566,14964,2472,800141422401830912
567,27749,12769,800018252395122689
568,0,4529,799774291445383169
569,8232,2093,799757965289017345
570,7922,1875,799422933579902976
571,0,5300,799308762079035393
572,9681,2673,799297110730567681
573,7928,2415,799063482566066176
574,12816,4340,798933969379225600
575,7368,1405,798925684722855936
576,0,6463,798705661114773508
577,0,7539,798701998996647937
578,0,6340,798697898615730177
579,0,4829,798694562394996736
580,0,2264,798686750113755136
581,0,4611,798682547630837760
582,0,5417,798673117451325440
583,0,3805,798665375516884993
584,0,1803,798644042770751489
585,0,1922,798628517273620480
586,0,5500,798585098161549313
587,0,5689,798576900688019456
588,0,3245,798340744599797760
589,10216,2489,798209839306514432
590,11344,3017,797971864723324932
591,14282,4745,797545162159308800
592,19526,6394,797236660651966464
593,222,26,797165961484890113
594,0,8683,796904159865868288
595,7532,1883,796865951799083009
596,11559,2951,796759840936919040
597,0,7019,796563435802726400
598,7412,1709,796484825502875648
599,10777,4036,796387464403357696
600,0,13879,796177847564038144
601,31575,13879,796149749086875649
602,4877,1750,796125600683540480
603,8911,2335,796116448414461957
604,8279,2243,796080075804475393
605,10591,3626,796031486298386433
606,48429,22871,795464331001561088
607,9829,2781,795400264262053889
608,15860,5295,795076730285391872
609,0,3272,794983741416415232
610,10022,2250,794926597468000259
611,0,10004,794355576146903043
612,9424,2609,794332329137291264
613,9065,3232,794205286408003585
614,16474,4746,793962221541933056
615,9048,1807,793845145112371200
616,0,3043,793614319594401792
617,7829,1570,793601777308463104
618,10456,2311,793500921481273345
619,24072,8910,793286476301799424
620,8525,2334,793271401113350145
621,19568,8114,793256262322548741
622,10302,3206,793241302385262592
623,9599,2802,793226087023144960
624,8736,2716,793210959003287553
625,14943,5469,793195938047070209
626,6800,1936,793180763617361921
627,9190,2708,793165685325201412
628,6050,1654,793150605191548928
629,6275,2439,793135492858580992
630,12398,3802,793120401413079041
631,14004,3859,792913359805018113
632,11065,4146,792883833364439040
633,7212,1637,792773781206999040
634,13128,4178,792394556390137856
635,6992,1735,792050063153438720
636,0,20514,791821351946420224
637,0,9270,791784077045166082
638,0,3710,791780927877898241
639,44117,21541,791774931465953280
640,11518,3043,791672322847637504
641,12872,3997,791406955684368384
642,8583,2460,791312159183634433
643,0,3970,791026214425268224
644,9602,2072,790987426131050500
645,16338,4544,790946055508652032
646,0,2239,790723298204217344
647,8044,1869,790698755171364864
648,20208,6906,790581949425475584
649,7667,1838,790337589677002753
650,12302,3085,790277117346975746
651,0,3446,790227638568808452
652,9067,2239,789986466051088384
653,0,3987,789960241177853952
654,10117,4020,789903600034189313
655,7323,1714,789628658055020548
656,6598,1869,789599242079838210
657,11474,3272,789530877013393408
658,8443,2222,789314372632018944
659,0,4773,789280767834746880
660,8920,2542,789268448748703744
661,9505,2701,789137962068021249
662,26852,12120,788908386943430656
663,26746,10004,788765914992902144
664,0,6933,788552643979468800
665,15207,5116,788412144018661376
666,7085,2039,788178268662984705
667,5982,1242,788150585577050112
668,0,3337,788070120937619456
669,5996,1274,788039637453406209
670,8434,2954,787810552592695296
671,10040,2685,787717603741622272
672,10662,2770,787397959788929025
673,7621,1685,787322443945877504
674,0,6537,787111942498508800
675,26071,7740,786963064373534720
676,0,2363,786729988674449408
677,17882,5948,786709082849828864
678,10345,2457,786664955043049472
679,9276,3037,786595970293370880
680,10633,3360,786363235746385920
681,7794,2744,786286427768250368
682,14893,4565,786233965241827333
683,1392,152,786051337297522688
684,0,6765,786036967502913536
685,11151,3090,785927819176054784
686,6551,1742,785872687017132033
687,7698,2174,785639753186217984
688,8879,1924,785533386513321988
689,5990,1215,785515384317313025
690,7109,1579,785264754247995392
691,11733,4682,785170936622350336
692,9875,3141,784826020293709826
693,8782,2446,784517518371221505
694,5604,1232,784431430411685888
695,19586,7779,784183165795655680
696,29037,10743,784057939640352768
697,29260,10438,783839966405230592
698,7197,1896,783821107061198850
699,10226,3106,783695101801398276
700,8243,2158,783466772167098368
701,16495,5289,783391753726550016
702,0,5354,783347506784731136
703,28407,11277,783334639985389568
704,7972,2115,783085703974514689
705,23552,7121,782969140009107456
706,7288,1362,782747134529531904
707,16834,5203,782722598790725632
708,7613,1817,782598640137187329
709,16225,5348,782305867769217024
710,0,5975,782021823840026624
711,10885,3242,781955203444699136
712,10173,2618,781661882474196992
713,3906,1094,781655249211752448
714,20236,5360,781524693396357120
715,6971,2472,781308096455073793
716,8191,2000,781251288990355457
717,9557,2663,781163403222056960
718,21108,7019,780931614150983680
719,7021,1939,780858289093574656
720,5344,1249,780800785462489090
721,11797,3236,780601303617732608
722,6143,1687,780543529827336192
723,0,3541,780496263422808064
724,0,109,780476555013349377
725,5160,1034,780459368902959104
726,8472,2161,780192070812196864
727,0,2220,780092040432480260
728,11798,4768,780074436359819264
729,18356,6765,779834332596887552
730,8538,2996,779377524342161408
731,0,17635,779124354206535695
732,14372,4366,779056095788752897
733,19404,6917,778990705243029504
734,0,9521,778774459159379968
735,841,350,778764940568104960
736,6684,1254,778748913645780993
737,5601,1440,778650543019483137
738,4484,973,778624900596654080
739,13269,4146,778408200802557953
740,0,11759,778396591732486144
741,5665,1055,778383385161035776
742,10086,3177,778286810187399168
743,8258,2549,778039087836069888
744,6380,1542,778027034220126208
745,0,3386,777953400541634568
746,6190,1569,777885040357281792
747,10934,2820,777684233540206592
748,0,4072,777641927919427584
749,8494,2422,777621514455814149
750,13822,4153,777189768882946048
751,0,13171,776819012571455488
752,4754,1156,776813020089548800
753,8549,2665,776477788987613185
754,0,8777,776249906839351296
755,28992,15249,776218204058357768
756,9311,2424,776201521193218049
757,11460,4179,776113305656188928
758,1782,146,776088319444877312
759,0,16136,775898661951791106
760,11372,2557,775842724423557120
761,13499,3852,775733305207554048
762,12635,4437,775729183532220416
763,7172,2844,775364825476165632
764,9857,3753,775350846108426240
765,15107,4529,775085132600442880
766,8376,1721,774757898236878852
767,6550,1663,774639387460112384
768,21176,5300,774314403806253056
769,10432,3712,773985732834758656
770,6232,1675,773922284943896577
771,6421,1552,773704687002451968
772,5205,1261,773670353721753600
773,21462,5900,773547596996571136
774,0,4853,773336787167145985
775,22673,7193,773308824254029826
776,9196,3135,773247561583001600
777,9707,3976,773191612633579521
778,8313,3718,772877495989305348
779,7808,2274,772826264096874500
780,0,3250,772615324260794368
781,6310,1641,772581559778025472
782,5840,1333,772193107915964416
783,3698,1094,772152991789019136
784,3651,712,772117678702071809
785,2657,457,772114945936949249
786,3882,899,772102971039580160
787,6364,1808,771908950375665664
788,11642,3245,771770456517009408
789,8025,2508,771500966810099713
790,10199,4853,771380798096281600
791,0,7151,771171053431250945
792,8879,2809,771136648247640064
793,6045,1380,771102124360998913
794,6700,1592,771014301343748096
795,4792,1154,770787852854652928
796,5035,1361,770772759874076672
797,7134,1719,770655142660169732
798,6139,2006,770414278348247044
799,6026,1408,770293558247038976
800,0,2921,770093767776997377
801,7363,2203,770069151037685760
802,30262,9154,769940425801170949
803,6237,1617,769695466921623552
804,0,7420,769335591808995329
805,5233,1652,769212283578875904
806,13852,6232,768970937022709760
807,0,2566,768909767477751808
808,4056,854,768855141948723200
809,3980,1145,768609597686943744
810,4887,1231,768596291618299904
811,0,5583,768554158521745409
812,13192,3279,768473857036525572
813,10538,3386,768193404517830656
814,4614,1314,767884188863397888
815,15501,5163,767754930266464257
816,7273,2244,767500508068192258
817,11905,3608,767191397493538821
818,9869,2742,767122157629476866
819,0,5378,766864461642756096
820,4888,1308,766793450729734144
821,2526,361,766714921925144576
822,3893,766,766693177336135680
823,5818,1514,766423258543644672
824,6564,1806,766313316352462849
825,0,2513,766078092750233600
826,4090,813,766069199026450432
827,3637,477,766008592277377025
828,7014,2074,765719909049503744
829,5025,1184,765669560888528897
830,25876,3254,765395769549590528
831,6858,2080,765371061932261376
832,11265,3250,765222098633691136
833,6255,1708,764857477905154048
834,5820,1440,764259802650378240
835,743,51,763956972077010945
836,12148,3970,763837565564780549
837,5199,1412,763183847194451968
838,0,2878,763167063695355904
839,7139,2207,763103485927849985
840,11737,3446,762699858130116608
841,10852,6143,762471784394268675
842,9967,3987,762464539388485633
843,4633,1067,762316489655476224
844,30760,14855,762035686371364864
845,5231,1907,761976711479193600
846,0,3740,761750502866649088
847,4146,828,761745352076779520
848,47745,27808,761672994376806400
849,3992,1135,761599872357261312
850,0,17298,761371037149827077
851,5002,1395,761334018830917632
852,4338,1045,761292947749015552
853,5167,1502,761227390836215808
854,10982,3337,761004547850530816
855,3695,927,760893934457552897
856,6367,1818,760656994973933572
857,4817,1235,760641137271070720
858,7312,3471,760539183865880579
859,4055,1334,760521673607086080
860,25891,10971,760290219849637889
861,3814,830,760252756032651264
862,5517,1717,760190180481531904
863,0,30,760153949710192640
864,5742,1994,759943073749200896
865,14178,5378,759923798737051648
866,6502,1887,759846353224826880
867,5759,1826,759793422261743616
868,4533,1144,759557299618865152
869,8207,2363,759447681597108224
870,1612,467,759446261539934208
871,5887,1859,759197388317847553
872,0,1108,759159934323924993
873,14012,3960,759099523532779520
874,6262,1917,759047813560868866
875,3426,868,758854675097526272
876,10829,3681,758828659922702336
877,5548,1549,758740312047005698
878,3666,950,758474966123810816
879,4632,2110,758467244762497024
880,5028,1828,758405701903519748
881,3254,1014,758355060040593408
882,18352,9521,758099635764359168
883,2607,353,758041019896193024
884,6621,3125,757741869644341248
885,0,7540,757729163776290825
886,4386,1157,757725642876129280
887,4411,1044,757611664640446465
888,0,287,757597904299253760
889,4190,1004,757596066325864448
890,14593,6543,757400162377592832
891,5609,1654,757393109802180609
892,4355,1352,757354760399941633
893,6049,1898,756998049151549440
894,6414,1908,756939218950160384
895,4866,1239,756651752796094464
896,10025,3427,756526248105566208
897,3802,1054,756303284449767430
898,42514,16926,756288534030475264
899,6153,1462,756275833623502848
900,7045,2737,755955933503782912
901,15846,5097,755206590534418437
902,20418,10594,755110668769038337
903,0,7547,754874841593970688
904,6658,2394,754856583969079297
905,2496,497,754747087846248448
906,5089,1868,754482103782404096
907,3611,697,754449512966619136
908,7602,2242,754120377874386944
909,5620,2076,753655901052166144
910,7584,3386,753420520834629632
911,5530,1814,753398408988139520
912,7359,2220,753375668877008896
913,0,5423,753298634498793472
914,3239,991,753294487569522689
915,35716,19907,753039830821511168
916,3774,911,753026973505581056
917,12152,6537,752932432744185856
918,6696,1494,752917284578922496
919,0,2732,752701944171524096
920,5801,1516,752682090207055872
921,4213,1485,752660715232722944
922,5292,2172,752568224206688256
923,7091,3278,752519690950500352
924,3684,1049,752334515931054080
925,0,15450,752309394570878976
926,5743,1743,752173152931807232
927,2946,870,751950017322246144
928,4987,1250,751937170840121344
929,5602,1857,751830394383790080
930,5583,2750,751793661361422336
931,7671,2915,751598357617971201
932,4232,1046,751583847268179968
933,4855,1195,751538714308972544
934,3097,954,751456908746354688
935,12073,5590,751251247299190784
936,6083,1726,751205363882532864
937,4871,1232,751132876104687617
938,4600,1293,750868782890057730
939,12657,4773,750719632563142656
940,4273,1091,750506206503038976
941,12690,4072,750429297815552001
942,4391,1090,750383411068534784
943,672,27,750381685133418496
944,3000,914,750147208377409536
945,3486,1228,750132105863102464
946,4185,1248,750117059602808832
947,2937,806,750101899009982464
948,2096,508,750086836815486976
949,7509,3155,750071704093859840
950,3054,854,750056684286914561
951,3054,582,750041628174217216
952,2619,745,750026558547456000
953,3113,860,750011400160841729
954,2936,779,749996283729883136
955,4924,2357,749981277374128128
956,4501,1262,749774190421639168
957,5878,1561,749417653287129088
958,2510,503,749403093750648834
959,8238,3275,749395845976588288
960,5263,2131,749317047558017024
961,5528,1970,749075273010798592
962,4626,1458,749064354620928000
963,2979,754,749036806121881602
964,10347,3234,748977405889503236
965,5566,2141,748932637671223296
966,2676,912,748705597323898880
967,4563,1511,748699167502000129
968,4070,1271,748692773788876800
969,5834,1893,748575535303884801
970,2117,640,748568946752774144
971,5018,1172,748346686624440324
972,7307,3901,748337862848962560
973,3555,719,748324050481647620
974,3554,677,748307329658011649
975,13585,7383,748220828303695873
976,5558,2032,747963614829678593
977,6350,2428,747933425676525569
978,2812,921,747885874273214464
979,2717,708,747844099428986880
980,4648,1107,747816857231626240
981,1314,147,747651430853525504
982,12363,5539,747648653817413632
983,2251,539,747600769478692864
984,3529,990,747594051852075008
985,5298,1532,747512671126323200
986,3720,994,747461612269887489
987,5200,1818,747439450712596480
988,0,2756,747242308580548608
989,5045,1487,747219827526344708
990,3222,865,747204161125646336
991,9163,3761,747103485104099331
992,2790,279,746906459439529985
993,5749,2024,746872823977771008
994,5112,1658,746818907684614144
995,4675,1521,746790600704425984
996,9161,3710,746757706116112384
997,5808,1704,746726898085036033
998,4842,1805,746542875601690625
999,0,936,746521445350707200
1000,4475,1035,746507379341139972
1001,5963,1548,746369468511756288
1002,6599,2080,746131877086527488
1003,3425,774,746056683365994496
1004,3828,1003,745789745784041472
1005,6715,2203,745712589599014916
1006,6768,2408,745433870967832576
1007,8198,2291,745422732645535745
1008,6857,2598,745314880350101504
1009,7524,3310,745074613265149952
1010,6958,2127,745057283344719872
1011,2842,581,744995568523612160
1012,7550,2536,744971049620602880
1013,5379,1489,744709971296780288
1014,6493,1995,744334592493166593
1015,149434,73550,744234799360020481
1016,1581,341,744223424764059648
1017,4007,1041,743980027717509120
1018,3505,919,743895849529389061
1019,0,1958,743835915802583040
1020,4294,1316,743609206067040256
1021,17558,6185,743595368194129920
1022,3387,891,743545585370791937
1023,7613,3536,743510151680958465
1024,4058,1157,743253157753532416
1025,5941,1820,743222593470234624
1026,3678,1291,743210557239623680
1027,6761,3391,742534281772302336
1028,4234,1854,742528092657332225
1029,6946,3721,742465774154047488
1030,9415,3541,742423170473463808
1031,6515,1860,742385895052087300
1032,4116,1293,742161199639494656
1033,4873,1462,742150209887731712
1034,4352,1420,741793263812808706
1035,7808,2603,741743634094141440
1036,3530,774,741438259667034112
1037,8396,3040,741303864243200000
1038,9549,5240,741099773336379392
1039,9128,2921,741067306818797568
1040,6058,2570,740995100998766593
1041,3246,897,740711788199743490
1042,2724,740,740699697422163968
1043,17358,6463,740676976021798912
1044,33522,12604,740373189193256964
1045,2345,403,740365076218183684
1046,3136,814,740359016048689152
1047,6389,1856,740214038584557568
1048,19075,5583,739979191639244800
1049,3882,1019,739932936087216128
1050,3635,812,739844404073074688
1051,3599,1284,739623569819336705
1052,5163,1562,739606147276148736
1053,37650,20039,739544079319588864
1054,6813,2748,739485634323156992
1055,110591,54845,739238157791694849
1056,99,6,738891149612572673
1057,3598,1082,738885046782832640
1058,3144,744,738883359779196928
1059,4861,1450,738537504001953792
1060,3112,777,738402415918125056
1061,4115,1151,738184450748633089
1062,8356,3149,738166403467907072
1063,2387,610,738156290900254721
1064,5027,1668,737826014890496000
1065,9552,3280,737800304142471168
1066,4795,1246,737678689543020544
1067,9772,4208,737445876994609152
1068,3439,767,737322739594330112
1069,13985,7002,737310737551491075
1070,4042,1622,736736130620620800
1071,16905,6933,736392552031657984
1072,3801,1168,736365877722001409
1073,7735,2640,736225175608430592
1074,7517,2797,736010884653420544
1075,3418,1075,735991953473572864
1076,3864,1045,735648611367784448
1077,5878,2224,735635087207878657
1078,12443,4731,735274964362878976
1079,3175,830,735256018284875776
1080,2987,919,735137028879360001
1081,2628,497,734912297295085568
1082,11946,5966,734787690684657664
1083,2395,504,734776360183431168
1084,1422,374,734559631394082816
1085,3410,739,733828123016450049
1086,3509,971,733822306246479872
1087,2977,891,733482008106668032
1088,3985,1183,733460102733135873
1089,50943,16136,733109485275860992
1090,2317,504,732732193018155009
1091,3393,835,732726085725589504
1092,3482,740,732585889486888962
1093,7717,2360,732375214819057664
1094,14157,5063,732005617171337216
1095,3339,942,731285275100512256
1096,3649,1188,731156023742988288
1097,5863,1870,730924654643314689
1098,4640,2003,730573383004487680
1099,3324,977,730427201120833536
1100,3622,998,730211855403241472
1101,4596,1766,730196704625098752
1102,3844,1053,729854734790754305
1103,1651,356,729838605770891264
1104,3783,1172,729823566028484608
1105,5502,2177,729463711119904772
1106,1790,301,729113531270991872
1107,2993,769,728986383096946689
1108,4437,1604,728760639972315136
1109,2629,641,728751179681943552
1110,3152,981,728653952833728512
1111,4668,1886,728409960103686147
1112,3542,908,728387165835677696
1113,4083,1136,728046963732717569
1114,4326,1572,728035342121635841
1115,3929,1036,728015554473250816
1116,2833,602,727685679342333952
1117,5583,1653,727644517743104000
1118,4253,1142,727524757080539137
1119,3177,703,727314416056803329
1120,2922,775,727286334147182592
1121,3718,1303,727175381690781696
1122,3443,1248,727155742655025152
1123,6550,2300,726935089318363137
1124,3658,1423,726887082820554753
1125,3405,949,726828223124897792
1126,4219,1082,726224900189511680
1127,6764,2513,725842289046749185
1128,3977,1292,725786712245440512
1129,4959,1668,725729321944506368
1130,1347,575,725458796924002305
1131,3556,1224,724983749226668032
1132,2229,594,724771698126512129
1133,5032,1570,724405726123311104
1134,4118,1680,724049859469295616
1135,2536,523,724046343203856385
1136,3975,1450,724004602748780546
1137,3708,1161,723912936180330496
1138,7289,2750,723688335806480385
1139,2885,838,723673163800948736
1140,5047,1759,723179728551723008
1141,3901,1477,722974582966214656
1142,4748,1544,722613351520608256
1143,4385,1717,721503162398597120
1144,2408,577,721001180231503872
1145,2949,725,720785406564900865
1146,2340,614,720775346191278080
1147,3946,1416,720415127506415616
1148,6058,2350,720389942216527872
1149,2729,916,720340705894408192
1150,3673,1054,720059472081784833
1151,4707,1893,720043174954147842
1152,4612,1638,719991154352222208
1153,4323,1340,719704490224398336
1154,4809,1788,719551379208073216
1155,2673,708,719367763014393856
1156,4248,1159,719339463458033665
1157,3280,897,719332531645071360
1158,3299,1019,718971898235854848
1159,4992,1645,718939241951195136
1160,17948,7539,718631497683582976
1161,2324,451,718613305783398402
1162,2319,956,718540630683709445
1163,2569,495,718460005985447936
1164,4625,1422,718454725339934721
1165,1820,464,718246886998687744
1166,3684,936,718234618122661888
1167,2339,563,717841801130979328
1168,2718,1028,717790033953034240
1169,5509,1741,717537687239008257
1170,1536,424,717428917016076293
1171,2995,786,717421804990701568
1172,5979,1810,717047459982213120
1173,3081,905,717009362452090881
1174,4090,1098,716802964044845056
1175,7856,1493,716791146589110272
1176,1174,409,716730379797970944
1177,12436,5533,716447146686459905
1178,2276,199,716439118184652801
1179,2648,993,716285507865542656
1180,6466,1793,716080869887381504
1181,3040,831,715928423106027520
1182,3537,1350,715758151270801409
1183,4456,1601,715733265223708672
1184,2645,538,715704790270025728
1185,3735,1217,715696743237730304
1186,4090,1508,715680795826982913
1187,5212,1476,715360349751484417
1188,2902,647,715342466308784130
1189,2308,613,715220193576927233
1190,4911,1757,715200624753819648
1191,3953,1156,715009755312439296
1192,3550,974,714982300363173890
1193,7002,4009,714962719905021952
1194,3951,1329,714957620017307648
1195,3118,938,714631576617938945
1196,3467,873,714606013974974464
1197,2539,1065,714485234495041536
1198,2898,691,714258258790387713
1199,3122,789,714251586676113411
1200,2182,827,714214115368108032
1201,4116,1329,714141408463036416
1202,3140,749,713919462244790272
1203,1812,516,713909862279876608
1204,2711,691,713900603437621249
1205,4637,1289,713761197720473600
1206,4233,1234,713411074226274305
1207,6874,2698,713177543487135744
1208,4235,1390,713175907180089344
1209,18148,6340,712809025985978368
1210,11728,4687,712717840512598017
1211,3957,1142,712668654853337088
1212,5062,1481,712438159032893441
1213,225,25,712309440758808576
1214,3600,978,712097430750289920
1215,2808,844,712092745624633345
1216,3121,463,712085617388212225
1217,2144,590,712065007010385924
1218,0,122,711998809858043904
1219,7669,2179,711968124745228288
1220,2712,940,711743778164514816
1221,8381,3846,711732680602345472
1222,31270,17298,711694788429553666
1223,3676,857,711652651650457602
1224,3455,1074,711363825979756544
1225,3143,703,711306686208872448
1226,2854,578,711008018775851008
1227,4364,1315,710997087345876993
1228,2431,647,710844581445812225
1229,2559,503,710833117892898816
1230,2207,531,710658690886586372
1231,4572,2258,710609963652087808
1232,4321,1759,710588934686908417
1233,2271,697,710296729921429505
1234,2065,494,710283270106132480
1235,4315,1184,710272297844797440
1236,2287,1057,710269109699739648
1237,2778,848,710153181850935296
1238,2621,838,710140971284037632
1239,5203,1867,710117014656950272
1240,3340,1024,709918798883774466
1241,638,97,709901256215666688
1242,3342,1136,709852847387627521
1243,3381,1132,709566166965075968
1244,3127,1013,709556954897764353
1245,1433,225,709519240576036864
1246,2104,540,709449600415961088
1247,2521,644,709409458133323776
1248,2292,541,709225125749587968
1249,11898,5437,709207347839836162
1250,2343,610,709198395643068416
1251,1923,633,709179584944730112
1252,1945,385,709158332880297985
1253,4506,1543,709042156699303936
1254,1724,623,708853462201716736
1255,2835,847,708845821941387268
1256,1607,475,708834316713893888
1257,15720,6518,708810915978854401
1258,2634,773,708738143638450176
1259,2414,674,708711088997666817
1260,2429,645,708479650088034305
1261,2957,768,708469915515297792
1262,15177,9480,708400866336894977
1263,3414,1251,708356463048204288
1264,2250,701,708349470027751425
1265,4113,1471,708149363256774660
1266,3217,811,708130923141795840
1267,2568,927,708119489313951744
1268,1868,529,708109389455101952
1269,4194,1819,708026248782585858
1270,2981,1065,707995814724026368
1271,49,2,707983188426153984
1272,2565,907,707969809498152960
1273,3133,907,707776935007539200
1274,2375,578,707741517457260545
1275,3892,2312,707738799544082433
1276,3235,945,707693576495472641
1277,2449,820,707629649552134146
1278,16195,5975,707610948723478529
1279,2150,662,707420581654872064
1280,2198,567,707411934438625280
1281,3335,1201,707387676719185920
1282,3109,1023,707377100785885184
1283,2363,600,707315916783140866
1284,2663,740,707297311098011648
1285,2483,638,707059547140169728
1286,2087,745,707038192327901184
1287,3900,1275,707021089608753152
1288,2207,565,707014260413456384
1289,13916,7420,706904523814649856
1290,1948,548,706901761596989440
1291,3152,921,706681918348251136
1292,2443,1035,706644897839910912
1293,2061,599,706593038911545345
1294,3323,1356,706538006853918722
1295,2983,973,706516534877929472
1296,3288,877,706346369204748288
1297,20286,7454,706310011488698368
1298,1631,450,706291001778950144
1299,2606,879,706265994973601792
1300,3731,2092,706169069255446529
1301,4916,1514,706166467411222528
1302,1411,362,706153300320784384
1303,2966,688,705975130514706432
1304,3037,841,705970349788291072
1305,2270,524,705898680587526145
1306,1846,489,705786532653883392
1307,3022,1083,705591895322394625
1308,2836,865,705475953783398401
1309,4202,1517,705442520700944385
1310,3632,1582,705428427625635840
1311,2862,712,705239209544720384
1312,2471,755,705223444686888960
1313,2047,490,705102439679201280
1314,2085,576,705066031337840642
1315,4081,1058,704871453724954624
1316,2152,498,704859558691414016
1317,4847,1431,704847917308362754
1318,2522,922,704819833553219584
1319,6345,2756,704761120771465216
1320,2774,947,704499785726889984
1321,714,74,704491224099647488
1322,3249,1018,704480331685040129
1323,7615,3352,704364645503647744
1324,1504,330,704347321748819968
1325,1438,431,704134088924532736
1326,1777,541,704113298707505153
1327,2794,871,704054845121142784
1328,1770,427,703774238772166656
1329,3114,1083,703769065844768768
1330,2445,631,703631701117943808
1331,3670,1448,703611486317502464
1332,3622,1281,703425003149250560
1333,2331,653,703407252292673536
1334,3339,1081,703382836347330562
1335,1829,366,703356393781329922
1336,1894,514,703268521220972544
1337,7055,2917,703079050210877440
1338,25133,11759,703041949650034688
1339,2468,680,702932127499816960
1340,1530,425,702899151802126337
1341,3088,1006,702684942141153280
1342,2089,534,702671118226825216
1343,11688,3249,702598099714314240
1344,2760,912,702539513671897089
1345,3022,1459,702332542343577600
1346,3140,998,702321140488925184
1347,2351,727,702276748847800320
1348,4565,1272,702217446468493312
1349,3289,930,701981390485725185
1350,3669,975,701952816642965504
1351,3373,1311,701889187134500865
1352,3259,1579,701805642395348998
1353,2007,431,701601587219795968
1354,2690,879,701570477911896070
1355,2548,579,701545186879471618
1356,11665,4829,701214700881756160
1357,2123,535,700890391244103680
1358,2480,594,700864154249383937
1359,2350,475,700847567345688576
1360,2331,891,700796979434098688
1361,21752,8777,700747788515020802
1362,2493,753,700518061187723268
1363,2182,544,700505138482569216
1364,3930,1689,700462010979500032
1365,2516,688,700167517596164096
1366,2145,641,700151421916807169
1367,7184,2566,700143752053182464
1368,2524,649,700062718104104960
1369,1984,550,700029284593901568
1370,3155,1265,700002074055016451
1371,2895,898,699801817392291840
1372,2135,486,699788877217865730
1373,2603,1169,699779630832685056
1374,1873,574,699775878809702401
1375,9801,4347,699691744225525762
1376,5702,2493,699446877801091073
1377,2080,488,699434518667751424
1378,1296,305,699423671849451520
1379,1988,594,699413908797464576
1380,1811,414,699370870310113280
1381,3013,819,699323444782047232
1382,2157,592,699088579889332224
1383,2338,612,699079609774645248
1384,2825,1128,699072405256409088
1385,3570,1701,699060279947165696
1386,2495,1141,699036661657767936
1387,3185,920,698989035503689728
1388,2557,859,698953797952008193
1389,2413,587,698907974262222848
1390,2360,644,698710712454139905
1391,1382,352,698703483621523456
1392,1242,326,698635131305795584
1393,2219,588,698549713696649216
1394,1759,420,698355670425473025
1395,2159,913,698342080612007937
1396,4563,1885,698262614669991936
1397,16021,5647,698195409219559425
1398,2692,700,698178924120031232
1399,1451,320,697995514407682048
1400,3134,1220,697990423684476929
1401,2284,643,697943111201378304
1402,2882,1101,697881462549430272
1403,1661,519,697630435728322560
1404,2993,956,697616773278015490
1405,2875,1195,697596423848730625
1406,1949,481,697575480820686848
1407,1947,1050,697516214579523584
1408,2316,634,697482927769255936
1409,3270,1327,697463031882764288
1410,4503,1783,697270446429966336
1411,3148,946,697259378236399616
1412,2930,1097,697255105972801536
1413,2422,640,697242256848379904
1414,3025,976,696900204696625153
1415,2238,646,696894894812565505
1416,4629,1698,696886256886657024
1417,2342,673,696877980375769088
1418,1414,340,696754882863349760
1419,1972,885,696744641916489729
1420,2262,614,696713835009417216
1421,3742,1636,696518437233913856
1422,1157,134,696490539101908992
1423,2396,969,696488710901260288
1424,3063,1097,696405997980676096
1425,1846,618,696100768806522880
1426,2878,1086,695816827381944320
1427,3027,734,695794761660297217
1428,1772,700,695767669421768709
1429,4355,1982,695629776980148225
1430,4222,1723,695446424020918272
1431,8279,3395,695409464418041856
1432,3456,1362,695314793360662529
1433,2527,581,695095422348574720
1434,2700,1039,695074328191332352
1435,1530,555,695064344191721472
1436,2529,753,695051054296211456
1437,2579,869,694925794720792577
1438,2625,881,694905863685980160
1439,34181,13570,694669722378485760
1440,1433,269,694356675654983680
1441,1946,577,694352839993344000
1442,1515,459,694342028726001664
1443,1908,477,694329668942569472
1444,3974,1930,694206574471057408
1445,2812,880,694183373896572928
1446,3255,970,694001791655137281
1447,1801,382,693993230313091072
1448,1670,348,693942351086120961
1449,2568,554,693647888581312512
1450,1298,119,693644216740769793
1451,2437,397,693642232151285760
1452,2343,752,693629975228977152
1453,1467,355,693622659251335168
1454,4826,1852,693590843962331137
1455,1578,235,693582294167244802
1456,1689,599,693486665285931008
1457,3200,1180,693280720173801472
1458,2272,766,693267061318012928
1459,2101,468,693262851218264065
1460,2753,701,693231807727280129
1461,7523,3027,693155686491000832
1462,1631,575,693109034023534592
1463,1781,429,693095443459342336
1464,2563,720,692919143163629568
1465,2321,828,692905862751522816
1466,1679,571,692901601640583168
1467,2160,745,692894228850999298
1468,2749,844,692828166163931137
1469,6516,3456,692752401762250755
1470,4159,1461,692568918515392513
1471,3011,1288,692535307825213440
1472,1759,390,692530551048294401
1473,1405,210,692423280028966913
1474,8944,3272,692417313023332352
1475,2417,776,692187005137076224
1476,2047,749,692158366030913536
1477,1571,368,692142790915014657
1478,3242,1191,692041934689402880
1479,2762,903,692017291282812928
1480,3792,1559,691820333922455552
1481,7765,4001,691793053716221953
1482,2702,931,691756958957883396
1483,1864,477,691675652215414786
1484,2287,527,691483041324204033
1485,3863,1075,691459709405118465
1486,2516,795,691444869282295808
1487,18469,7217,691416866452082688
1488,2467,628,691321916024623104
1489,2850,838,691096613310316544
1490,1651,318,691090071332753408
1491,5645,2718,690989312272396288
1492,3416,1168,690959652130045952
1493,3902,1838,690938899477221376
1494,3128,958,690932576555528194
1495,3615,1206,690735892932222976
1496,2080,490,690728923253055490
1497,2228,778,690690673629138944
1498,1243,260,690649993829576704
1499,287,16,690607260360429569
1500,1859,575,690597161306841088
1501,1806,426,690400367696297985
1502,3104,801,690374419777196032
1503,2537,834,690360449368465409
1504,1428,486,690348396616552449
1505,1607,393,690248561355657216
1506,2678,973,690021994562220032
1507,2374,695,690015576308211712
1508,3510,1601,690005060500217858
1509,1352,348,689999384604450816
1510,1397,426,689993469801164801
1511,1309,426,689977555533848577
1512,2341,655,689905486972461056
1513,2902,1103,689877686181715968
1514,2082,715,689835978131935233
1515,3092,889,689661964914655233
1516,9900,3640,689659372465688576
1517,2124,610,689623661272240129
1518,11143,5219,689599056876867584
1519,1964,431,689557536375177216
1520,3246,1351,689517482558820352
1521,2151,882,689289219123089408
1522,3115,1043,689283819090870273
1523,1894,670,689280876073582592
1524,1094,235,689275259254616065
1525,2442,1024,689255633275777024
1526,2948,942,689154315265683456
1527,1931,476,689143371370250240
1528,2591,815,688916208532455424
1529,2012,724,688908934925697024
1530,2000,739,688898160958271489
1531,2144,649,688894073864884227
1532,1318,345,688828561667567616
1533,918,180,688804835492233216
1534,2119,630,688789766343622656
1535,2471,661,688547210804498433
1536,2222,693,688519176466644993
1537,8842,4229,688385280030670848
1538,2149,786,688211956440801280
1539,2042,555,688179443353796608
1540,2696,733,688116655151435777
1541,1654,341,688064179421470721
1542,5204,2366,687841446767013888
1543,2621,1059,687826841265172480
1544,2377,903,687818504314159109
1545,2273,681,687807801670897665
1546,1677,627,687732144991551489
1547,2324,798,687704180304273409
1548,1849,485,687664829264453632
1549,1814,547,687494652870668288
1550,1530,227,687480748861947905
1551,1893,505,687476254459715584
1552,1966,512,687460506001633280
1553,1808,581,687399393394311168
1554,19238,8683,687317306314240000
1555,4162,1796,687312378585812992
1556,5176,2135,687127927494963200
1557,2095,478,687124485711986689
1558,5553,2332,687109925361856513
1559,2236,913,687102708889812993
1560,2138,575,687096057537363968
1561,8256,3019,686947101016735744
1562,3355,1312,686760001961103360
1563,3319,1371,686749460672679938
1564,3946,1138,686730991906516992
1565,2702,763,686683045143953408
1566,3534,1288,686618349602762752
1567,1802,514,686606069955735556
1568,1662,654,686394059078897668
1569,3115,834,686386521809772549
1570,2115,534,686377065986265092
1571,2077,623,686358356425093120
1572,3842,1585,686286779679375361
1573,2122,691,686050296934563840
1574,1096,111,686035780142297088
1575,2943,1080,686034024800862208
1576,2365,384,686007916130873345
1577,1745,585,686003207160610816
1578,2003,492,685973236358713344
1579,1551,557,685943807276412928
1580,7134,2697,685906723014619143
1581,1948,116,685681090388975616
1582,2250,530,685667379192414208
1583,3075,1383,685663452032069632
1584,2780,725,685641971164143616
1585,31413,14722,685547936038666240
1586,2896,1091,685532292383666176
1587,9004,3740,685325112850124800
1588,2526,597,685321586178670592
1589,3140,985,685315239903100929
1590,1985,415,685307451701334016
1591,2954,1128,685268753634967552
1592,2229,630,685198997565345792
1593,3931,1347,685169283572338688
1594,2279,346,684969860808454144
1595,6484,2950,684959798585110529
1596,3058,985,684940049151070208
1597,3340,443,684926975086034944
1598,3350,1375,684914660081053696
1599,1782,497,684902183876321280
1600,2000,760,684880619965411328
1601,33417,20514,684830982659280897
1602,2601,946,684800227459624960
1603,8494,3301,684594889858887680
1604,3926,1335,684588130326986752
1605,2869,1141,684567543613382656
1606,2519,894,684538444857667585
1607,3702,1113,684481074559381504
1608,1888,527,684460069371654144
1609,7741,3089,684241637099323392
1610,1186,196,684225744407494656
1611,3652,1294,684222868335505415
1612,2052,985,684200372118904832
1613,1820,479,684195085588783105
1614,3338,1098,684188786104872960
1615,1924,624,684177701129875456
1616,2856,1439,684147889187209216
1617,1910,444,684122891630342144
1618,3930,1353,684097758874210310
1619,3636,1061,683857920510050305
1620,1859,330,683852578183077888
1621,2485,898,683849932751646720
1622,2511,1063,683834909291606017
1623,2681,1002,683828599284170753
1624,3195,1270,683773439333797890
1625,6164,3134,683742671509258241
1626,6998,2732,683515932363329536
1627,3024,919,683498322573824003
1628,2548,948,683481228088049664
1629,2315,643,683462770029932544
1630,3688,1514,683449695444799489
1631,7297,2264,683391852557561860
1632,2759,863,683357973142474752
1633,2739,986,683142553609318400
1634,3245,860,683111407806746624
1635,2075,618,683098815881154561
1636,1906,537,683078886620553216
1637,2067,703,683030066213818368
1638,35003,15478,682962037429899265
1639,1696,158,682808988178739200
1640,2366,1054,682788441537560576
1641,1445,410,682750546109968385
1642,1256,343,682697186228989953
1643,2912,1023,682662431982772225
1644,1970,561,682638830361513985
1645,3281,1086,682429480204398592
1646,7220,1657,682406705142087680
1647,2139,626,682393905736888321
1648,1591,444,682389078323662849
1649,2924,922,682303737705140231
1650,3949,1122,682259524040966145
1651,3080,1083,682242692827447297
1652,17348,9270,682088079302213632
1653,4703,1585,682059653698686977
1654,3050,883,682047327939461121
1655,6266,1878,682032003584274432
1656,2974,1424,682003177596559360
1657,2672,975,681981167097122816
1658,2359,774,681891461017812993
1659,12217,3831,681694085539872773
1660,1684,416,681679526984871937
1661,2503,855,681654059175129088
1662,1805,443,681610798867845120
1663,3373,1225,681579835668455424
1664,13589,5423,681523177663676416
1665,1565,256,681340665377193984
1666,8862,3855,681339448655802368
1667,2516,699,681320187870711809
1668,3746,1711,681302363064414209
1669,3061,894,681297372102656000
1670,3074,1037,681281657291280384
1671,1388,251,681261549936340994
1672,1415,494,681242418453299201
1673,2301,460,681231109724700672
1674,3527,1391,681193455364796417
1675,2294,614,680970795137544192
1676,4373,1881,680959110691590145
1677,3039,977,680940246314430465
1678,1989,409,680934982542561280
1679,2297,583,680913438424612864
1680,1679,346,680889648562991104
1681,3289,1249,680836378243002368
1682,2051,631,680805554198020098
1683,2260,770,680801747103793152
1684,2704,973,680798457301471234
1685,2498,653,680609293079592961
1686,3440,1246,680583894916304897
1687,4018,1801,680497766108381184
1688,1633,459,680494726643068929
1689,2418,709,680473011644985345
1690,1381,471,680440374763077632
1691,1414,279,680221482581123072
1692,2698,1099,680206703334408192
1693,2051,471,680191257256136705
1694,3698,1457,680176173301628928
1695,2222,695,680161097740095489
1696,3436,1641,680145970311643136
1697,2185,887,680130881361686529
1698,2589,857,680115823365742593
1699,3428,1298,680100725817409536
1700,12193,8493,680085611152338944
1701,2463,808,680070545539371008
1702,1880,606,679877062409191424
1703,2088,630,679872969355714560
1704,2342,579,679862121895714818
1705,2721,1158,679854723806179328
1706,2262,713,679844490799091713
1707,34404,13171,679828447187857408
1708,2955,1033,679777920601223168
1709,1988,743,679736210798047232
1710,2062,780,679729593985699840
1711,1585,442,679722016581222400
1712,4534,1961,679530280114372609
1713,2506,682,679527802031484928
1714,3189,1185,679511351870550016
1715,3005,1378,679503373272485890
1716,1993,604,679475951516934144
1717,29879,17635,679462823135686656
1718,2253,1122,679405845277462528
1719,20135,7547,679158373988876288
1720,2644,968,679148763231985668
1721,2816,1082,679132435750195208
1722,5639,2429,679111216690831360
1723,16047,7540,679062614270468097
1724,2131,616,679047485189439488
1725,2699,1147,679001094530465792
1726,2150,1080,678991772295516161
1727,1551,427,678969228704284672
1728,2433,846,678800283649069056
1729,3260,1086,678798276842360832
1730,2659,850,678774928607469569
1731,3334,1270,678767140346941444
1732,1536,436,678764513869611008
1733,6700,3057,678755239630127104
1734,3539,1556,678740035362037760
1735,5306,2277,678708137298427904
1736,2694,1367,678675843183484930
1737,1942,377,678643457146150913
1738,3786,1437,678446151570427904
1739,5161,2382,678424312106393600
1740,3973,1683,678410210315247616
1741,75910,29745,678399652199309312
1742,1503,391,678396796259975168
1743,1760,392,678389028614488064
1744,2299,844,678380236862578688
1745,1628,502,678341075375947776
1746,1224,232,678334497360859136
1747,10805,5717,678278586130948096
1748,1503,345,678255464182861824
1749,1799,352,678023323247357953
1750,12845,5879,678021115718029313
1751,3234,1583,677961670166224897
1752,1258,382,677918531514703872
1753,4548,1930,677895101218201600
1754,2872,913,677716515794329600
1755,3205,1341,677700003327029250
1756,1161,299,677698403548192770
1757,2347,790,677687604918272002
1758,3143,1398,677673981332312066
1759,1839,884,677662372920729601
1760,1757,756,677644091929329666
1761,2004,642,677573743309385728
1762,1229,428,677565715327688705
1763,2308,1073,677557565589463040
1764,6522,3432,677547928504967168
1765,1000,212,677530072887205888
1766,2860,1625,677335745548390400
1767,1269,263,677334615166730240
1768,1025,217,677331501395156992
1769,3449,1410,677328882937298944
1770,1557,493,677314812125323265
1771,1155,372,677301033169788928
1772,1858,661,677269281705472000
1773,3340,1524,677228873407442944
1774,2567,846,677187300187611136
1775,2608,992,676975532580409345
1776,2102,757,676957860086095872
1777,1230,367,676949632774234114
1778,2026,804,676948236477857792
1779,1630,341,676946864479084545
1780,1948,696,676942428000112642
1781,11998,4611,676936541936185344
1782,2796,1695,676916996760600576
1783,2116,679,676897532954456065
1784,1969,653,676864501615042560
1785,21495,14386,676821958043033607
1786,1715,615,676819651066732545
1787,1349,401,676811746707918848
1788,4691,1887,676776431406465024
1789,2709,888,676617503762681856
1790,1024,185,676613908052996102
1791,1790,406,676606785097199616
1792,1089,355,676603393314578432
1793,4288,1995,676593408224403456
1794,866,115,676590572941893632
1795,2162,727,676588346097852417
1796,1113,254,676582956622721024
1797,2413,1037,676575501977128964
1798,1760,515,676533798876651520
1799,1432,496,676496375194980353
1800,10927,4351,676470639084101634
1801,1614,615,676440007570247681
1802,1311,316,676430933382295552
1803,1964,504,676263575653122048
1804,1132,259,676237365392908289
1805,71816,28777,676219687039057920
1806,1626,533,676215927814406144
1807,2123,959,676191832485810177
1808,1807,618,676146341966438401
1809,2033,1080,676121918416756736
1810,2659,1089,676101918813499392
1811,2796,1304,676098748976615425
1812,1231,406,676089483918516224
1813,1510,526,675898130735476737
1814,1989,789,675891555769696257
1815,2213,878,675888385639251968
1816,3905,1303,675878199931371520
1817,1525,522,675870721063669760
1818,2516,1188,675853064436391936
1819,887,131,675849018447167488
1820,2125,807,675845657354215424
1821,1424,498,675822767435051008
1822,983,221,675820929667219457
1823,9617,3173,675798442703122432
1824,1506,431,675781562965868544
1825,1102,313,675740360753160193
1826,1755,758,675710890956750848
1827,1843,630,675707330206547968
1828,607,87,675706639471788032
1829,1724,377,675534494439489536
1830,1108,353,675531475945709568
1831,972,261,675522403582218240
1832,1203,431,675517828909424640
1833,16061,5417,675501075957489664
1834,2922,1190,675497103322386432
1835,1201,548,675489971617296384
1836,1711,895,675483430902214656
1837,1412,529,675432746517426176
1838,1573,481,675372240448454658
1839,984,207,675362609739206656
1840,30350,15450,675354435921575936
1841,3662,2100,675349384339542016
1842,2582,1191,675334060156301312
1843,3300,1445,675166823650848770
1844,5807,2366,675153376133427200
1845,3460,1570,675149409102012420
1846,873,212,675147105808306176
1847,1099,266,675146535592706048
1848,1991,824,675145476954566656
1849,1212,432,675135153782571009
1850,1807,721,675113801096802304
1851,891,224,675111688094527488
1852,2607,1038,675109292475830276
1853,981,292,675047298674663426
1854,2513,1091,675015141583413248
1855,906,207,675006312288268288
1856,1446,429,675003128568291329
1857,2077,1015,674999807681908736
1858,795,330,674805413498527744
1859,2792,786,674800520222154752
1860,2317,1001,674793399141146624
1861,1024,228,674790488185167872
1862,744,189,674788554665512960
1863,1860,1091,674781762103414784
1864,1020,432,674774481756377088
1865,1686,718,674767892831932416
1866,728,211,674764817387900928
1867,1264,402,674754018082705410
1868,1357,422,674752233200820224
1869,1299,498,674743008475090944
1870,443,46,674742531037511680
1871,1012,349,674739953134403584
1872,599,81,674737130913071104
1873,1061,434,674690135443775488
1874,1498,595,674670581682434048
1875,844,219,674664755118911488
1876,1325,445,674646392044941312
1877,963,254,674644256330530816
1878,1562,538,674638615994089473
1879,1391,524,674632714662858753
1880,865,90,674606911342424069
1881,5777,1866,674468880899788800
1882,985,326,674447403907457024
1883,1028,358,674436901579923456
1884,1331,492,674422304705744896
1885,637,125,674416750885273600
1886,1116,421,674410619106390016
1887,1393,518,674394782723014656
1888,791,290,674372068062928900
1889,528,69,674330906434379776
1890,1303,472,674318007229923329
1891,10524,6315,674307341513269249
1892,13639,5354,674291837063053312
1893,1446,671,674271431610523648
1894,845,213,674269164442398721
1895,1512,767,674265582246694913
1896,1220,412,674262580978937856
1897,1347,493,674255168825880576
1898,710,151,674082852460433408
1899,924,260,674075285688614912
1900,5912,1991,674063288070742018
1901,3058,1184,674053186244734976
1902,1343,453,674051556661161984
1903,1304,588,674045139690631169
1904,664,116,674042553264685056
1905,1020,387,674038233588723717
1906,791,186,674036086168010753
1907,1641,1122,674024893172875264
1908,1051,279,674019345211760640
1909,1447,588,674014384960745472
1910,1117,322,674008982932058114
1911,1815,877,673956914389192708
1912,1090,340,673919437611909120
1913,2950,1509,673906403526995968
1914,874,233,673887867907739649
1915,2864,691,673716320723169284
1916,3264,1881,673715861853720576
1917,966,274,673711475735838725
1918,782,242,673709992831262724
1919,991,262,673708611235921920
1920,1023,358,673707060090052608
1921,1170,373,673705679337693185
1922,1326,522,673700254269775872
1923,3649,1770,673697980713705472
1924,1606,593,673689733134946305
1925,1167,451,673688752737402881
1926,1331,397,673686845050527744
1927,1264,428,673680198160809984
1928,1164,340,673662677122719744
1929,672,213,673656262056419329
1930,1026,332,673636718965334016
1931,1481,658,673612854080196609
1932,1105,327,673583129559498752
1933,771,252,673580926094458881
1934,1277,512,673576835670777856
1935,954,276,673363615379013632
1936,1337,613,673359818736984064
1937,1394,520,673355879178194945
1938,1547,491,673352124999274496
1939,705,193,673350198937153538
1940,2316,1154,673345638550134785
1941,898,246,673343217010679808
1942,1180,517,673342308415348736
1943,12423,7151,673320132811366400
1944,817,227,673317986296586240
1945,6955,2878,673295268553605120
1946,992,328,673270968295534593
1947,1321,644,673240798075449344
1948,2054,761,673213039743795200
1949,1559,572,673148804208660480
1950,1822,648,672997845381865473
1951,873,267,672995267319328768
1952,907,265,672988786805112832
1953,1162,499,672984142909456390
1954,1683,925,672980819271634944
1955,1550,819,672975131468300288
1956,874,325,672970152493887488
1957,1228,494,672968025906282496
1958,1305,585,672964561327235073
1959,1272,448,672902681409806336
1960,833,383,672898206762672129
1961,1421,770,672884426393653248
1962,944,323,672877615439593473
1963,1203,522,672834301050937345
1964,1145,441,672828477930868736
1965,907,287,672640509974827008
1966,1191,439,672622327801233409
1967,1123,531,672614745925664768
1968,1010,352,672609152938721280
1969,1016,361,672604026190569472
1970,1223,556,672594978741354496
1971,876,303,672591762242805761
1972,662,172,672591271085670400
1973,936,330,672538107540070400
1974,577,152,672523490734551040
1975,1031,397,672488522314567680
1976,1033,543,672482722825261057
1977,666,119,672481316919734272
1978,1333,640,672475084225949696
1979,1245,478,672466075045466113
1980,5937,3064,672272411274932228
1981,1367,556,672267570918129665
1982,1047,306,672264251789176834
1983,2602,1386,672256522047614977
1984,1319,678,672254177670729728
1985,1598,545,672248013293752320
1986,627,142,672245253877968896
1987,831,292,672239279297454080
1988,1680,917,672231046314901505
1989,724,189,672222792075620352
1990,2075,1039,672205392827572224
1991,940,333,672169685991993344
1992,805,321,672160042234327040
1993,1603,630,672139350159835138
1994,2195,1036,672125275208069120
1995,917,338,672095186491711488
1996,869,334,672082170312290304
1997,1186,465,672068090318987265
1998,7858,3805,671896809300709376
1999,1209,513,671891728106971137
2000,3218,1264,671882082306625538
2001,1304,605,671879137494245376
2002,1153,502,671874878652489728
2003,1035,442,671866342182637568
2004,827,394,671855973984772097
2005,6542,3142,671789708968640512
2006,1098,450,671768281401958400
2007,1541,817,671763349865160704
2008,1250,697,671744970634719232
2009,696,214,671743150407421952
2010,1332,684,671735591348891648
2011,7817,3952,671729906628341761
2012,11790,6584,671561002136281088
2013,839,192,671550332464455680
2014,1247,531,671547767500775424
2015,1796,941,671544874165002241
2016,998,510,671542985629241344
2017,856,349,671538301157904385
2018,1084,370,671536543010570240
2019,928,525,671533943490011136
2020,776,233,671528761649688577
2021,1278,482,671520732782923777
2022,867,270,671518598289059840
2023,1470,637,671511350426865664
2024,6456,3261,671504605491109889
2025,853,412,671497587707535361
2026,923,436,671488513339211776
2027,528,180,671486386088865792
2028,702,212,671485057807351808
2029,1319,677,671390180817915904
2030,1023,270,671362598324076544
2031,367,141,671357843010908160
2032,445,111,671355857343524864
2033,875,386,671347597085433856
2034,666,190,671186162933985280
2035,1019,303,671182547775299584
2036,803,312,671166507850801152
2037,1506,1006,671163268581498880
2038,326,72,671159727754231808
2039,653,199,671154572044468225
2040,608,138,671151324042559489
2041,609,200,671147085991960577
2042,1060,594,671141549288370177
2043,844,366,671138694582165504
2044,676,172,671134062904504320
2045,3192,2282,671122204919246848
2046,1256,707,671115716440031232
2047,1055,395,671109016219725825
2048,1011,262,670995969505435648
2049,22784,7871,670842764863651840
2050,538,173,670840546554966016
2051,1015,624,670838202509447168
2052,398,113,670833812859932673
2053,667,195,670832455012716544
2054,5061,3668,670826280409919488
2055,706,169,670823764196741120
2056,556,88,670822709593571328
2057,2903,1390,670815497391357952
2058,1035,243,670811965569282048
2059,1079,445,670807719151067136
2060,1808,866,670804601705242624
2061,312,82,670803562457407488
2062,680,211,670797304698376195
2063,759,246,670792680469889025
2064,607,217,670789397210615808
2065,552,183,670786190031921152
2066,764,349,670783437142401025
2067,1412,699,670782429121134593
2068,727,262,670780561024270336
2069,306,66,670778058496974848
2070,997,387,670764103623966721
2071,402,95,670755717859713024
2072,886,464,670733412878163972
2073,766,326,670727704916926465
2074,1093,436,670717338665226240
2075,719,338,670704688707301377
2076,538,218,670691627984359425
2077,688,255,670679630144274432
2078,224,37,670676092097810432
2079,9822,4518,670668383499735048
2080,1390,671,670474236058800128
2081,329,80,670468609693655041
2082,892,496,670465786746662913
2083,504,186,670452855871037440
2084,1107,586,670449342516494336
2085,6238,1803,670444955656130560
2086,595,183,670442337873600512
2087,972,466,670435821946826752
2088,1302,584,670434127938719744
2089,304,103,670433248821026816
2090,1282,555,670428280563085312
2091,481,146,670427002554466305
2092,1204,578,670421925039075328
2093,565,282,670420569653809152
2094,527,296,670417414769758208
2095,1857,812,670411370698022913
2096,505,199,670408998013820928
2097,391,138,670403879788544000
2098,517,188,670385711116361728
2099,689,248,670374371102445568
2100,301,59,670361874861563904
2101,396,101,670338931251150849
2102,3596,1108,670319130621435904
2103,402,118,670303360680108032
2104,641,260,670290420111441920
2105,946,298,670093938074779648
2106,639,226,670086499208155136
2107,2032,1105,670079681849372674
2108,1431,708,670073503555706880
2109,568,216,670069087419133954
2110,691,299,670061506722140161
2111,609,293,670055038660800512
2112,593,159,670046952931721218
2113,690,101,670040295598354432
2114,543,250,670037189829525505
2115,305,83,670003130994700288
2116,298,75,669993076832759809
2117,410,140,669972011175813120
2118,280,50,669970042633789440
2119,461,143,669942763794931712
2120,348,87,669926384437997569
2121,212,53,669923323644657664
2122,731,360,669753178989142016
2123,236,60,669749430875258880
2124,463,79,669684865554620416
2125,347,100,669683899023405056
2126,323,123,669682095984410625
2127,614,261,669680153564442624
2128,743,387,669661792646373376
2129,3239,1637,669625907762618368
2130,881,332,669603084620980224
2131,469,138,669597912108789760
2132,1369,841,669583744538451968
2133,402,126,669573570759163904
2134,1462,920,669571471778410496
2135,214,47,669567591774625800
2136,358,108,669564461267722241
2137,326,66,669393256313184256
2138,1216,653,669375718304980992
2139,447,158,669371483794317312
2140,421,138,669367896104181761
2141,573,207,669363888236994561
2142,341,110,669359674819481600
2143,2481,1151,669354382627049472
2144,575,236,669353438988365824
2145,398,166,669351434509529089
2146,937,381,669328503091937280
2147,529,112,669327207240699904
2148,455,192,669324657376567296
2149,1097,365,669216679721873412
2150,398,143,669214165781868544
2151,922,423,669203728096960512
2152,598,281,669037058363662336
2153,675,336,669015743032369152
2154,531,219,669006782128353280
2155,19277,5742,669000397445533696
2156,400,203,668994913074286592
2157,678,307,668992363537309700
2158,619,303,668989615043424256
2159,830,414,668988183816871936
2160,503,147,668986018524233728
2161,496,273,668981893510119424
2162,730,312,668979806671884288
2163,1200,526,668975677807423489
2164,131,21,668967877119254528
2165,645,222,668960084974809088
2166,250,65,668955713004314625
2167,235,53,668932921458302977
2168,293,91,668902994700836864
2169,369,133,668892474547511297
2170,489,276,668872652652679168
2171,418,146,668852170888998912
2172,394,120,668826086256599040
2173,512,234,668815180734689280
2174,659,338,668779399630725120
2175,487,198,668655139528511488
2176,806,476,668645506898350081
2177,808,468,668643542311546881
2178,980,488,668641109086707712
2179,953,449,668636665813057536
2180,2571,1445,668633411083464705
2181,654,290,668631377374486528
2182,289,100,668627278264475648
2183,348,116,668625577880875008
2184,1296,677,668623201287675904
2185,187,36,668620235289837568
2186,564,286,668614819948453888
2187,1539,970,668587383441514497
2188,219,49,668567822092664832
2189,469,204,668544745690562560
2190,416,192,668542336805281792
2191,233,63,668537837512433665
2192,424,201,668528771708952576
2193,297,94,668507509523615744
2194,374,119,668496999348633600
2195,384,214,668484198282485761
2196,416,131,668480044826800133
2197,808,463,668466899341221888
2198,575,270,668297328638447616
2199,222,29,668291999406125056
2200,458,125,668286279830867968
2201,754,211,668274247790391296
2202,501,211,668268907921326080
2203,1188,540,668256321989451776
2204,868,423,668248472370458624
2205,5659,2552,668237644992782336
2206,265,90,668226093875376128
2207,467,178,668221241640230912
2208,511,178,668204964695683073
2209,594,181,668190681446379520
2210,443,168,668171859951755264
2211,457,283,668154635664932864
2212,529,254,668142349051129856
2213,613,215,668113020489474048
2214,1146,725,667937095915278337
2215,272,98,667924896115245057
2216,192,50,667915453470232577
2217,448,261,667911425562669056
2218,788,348,667902449697558528
2219,1715,963,667886921285246976
2220,759,422,667885044254572545
2221,363,106,667878741721415682
2222,573,367,667873844930215936
2223,2794,936,667866724293877760
2224,226,74,667861340749471744
2225,266,57,667832474953625600
2226,966,445,667806454573760512
2227,293,84,667801013445750784
2228,636,302,667793409583771648
2229,375,222,667782464991965184
2230,211,47,667773195014021121
2231,391,198,667766675769573376
2232,340,137,667728196545200128
2233,440,285,667724302356258817
2234,0,29,667550904950915073
2235,0,26,667550882905632768
2236,5277,2036,667549055577362432
2237,312,115,667546741521195010
2238,785,479,667544320556335104
2239,186,59,667538891197542400
2240,744,473,667534815156183040
2241,428,217,667530908589760512
2242,1553,1010,667524857454854144
2243,339,175,667517642048163840
2244,6273,1922,667509364010450944
2245,499,201,667502640335572993
2246,478,238,667495797102141441
2247,474,201,667491009379606528
2248,231,88,667470559035432960
2249,177,56,667455448082227200
2250,289,80,667453023279554560
2251,706,520,667443425659232256
2252,412,213,667437278097252352
2253,282,79,667435689202614272
2254,429,203,667405339315146752
2255,177,51,667393430834667520
2256,335,150,667369227918143488
2257,445,219,667211855547486208
2258,567,236,667200525029539841
2259,345,88,667192066997374976
2260,668,350,667188689915760640
2261,13007,5500,667182792070062081
2262,175,50,667177989038297088
2263,550,407,667176164155375616
2264,225,71,667174963120574464
2265,199,74,667171260800061440
2266,2451,1020,667165590075940865
2267,231,55,667160273090932737
2268,43631,15143,667152164079423490
2269,4152,1958,667138269671505920
2270,300,117,667119796878725120
2271,303,111,667090893657276420
2272,364,106,667073648344346624
2273,75,13,667070482143944705
2274,151,40,667065535570550784
2275,201,47,667062181243039745
2276,172,44,667044094246576128
2277,411,197,667012601033924608
2278,221,80,666996132027977728
2279,2326,875,666983947667116034
2280,734,489,666837028449972224
2281,190,70,666835007768551424
2282,232,81,666826780179869698
2283,463,224,666817836334096384
2284,212,79,666804364988780544
2285,681,429,666786068205871104
2286,347,171,666781792255496192
2287,315,152,666776908487630848
2288,213,60,666739327293083650
2289,388,193,666701168228331520
2290,168,43,666691418707132416
2291,1016,557,666649482315059201
2292,215,73,666644823164719104
2293,462,190,666454714377183233
2294,93,19,666447344410484738
2295,109,41,666437273139982337
2296,144,44,666435652385423360
2297,285,172,666430724426358785
2298,146,69,666428276349472768
2299,285,95,666421158376562688
2300,109,39,666418789513326592
2301,387,281,666411507551481857
2302,98,30,666407126856765440
2303,151,72,666396247373291520
2304,166,75,666373753744588802
2305,683,489,666362758909284353
2306,189,63,666353288456101888
2307,260,128,666345417576210432
2308,172,80,666337882303524864
2309,447,304,666293911632134144
2310,130,57,666287406224695296
2311,156,69,666273097616637952
2312,92,32,666268910803644416
2313,13038,5689,666104133288665088
2314,69,11,666102155909144576
2315,139,56,666099513787052032
2316,151,65,666094000022159362
2317,100,41,666082916733198337
2318,278,138,666073100786774016
2319,133,52,666071193221509120
2320,423,186,666063827256086533
2321,103,49,666058600524156928
2322,260,116,666057090499244032
2323,391,207,666055525042405380
2324,1078,735,666051853826850816
2325,119,51,666050758794694657
2326,92,37,666049248165822465
2327,256,120,666044226329800704
2328,105,38,666033412701032449
2329,117,41,666029285002620928
2330,2332,441,666020888022790149
